YEAR,MONTH,Import duty,Excise duty,Income tax,VAT,OTHER TAX INCOME,TOTAL TAX REVENUE,NON TAX REVENUE,TOTAL REVENUE,Programme Grants,Projects Grants,Total Grants,Domestic Interest ,Foreign Interest,Wages & Salaries,Pensions,Other expenditure,TOTAL RECURRENT EXPENDITURE,County Transfer,DEVELOPMENT EXPENDITURE,TOTAL EXPENDITURE
1999,9,"7,157.00","6,869.00","12,054.00","9,255.00",,"35,335.00","5,979.00","41,314.00",6,"1,197.00","1,203.00","3,816.00","3,068.00","16,749.00","1,387.00","12,919.00","37,939.00",,"6,539.00","44,478.00"
1999,12,"13,912.00","14,007.00","25,545.00","19,734.00",,"73,198.00","13,131.00","86,329.00",329,"2,211.00","2,540.00","8,935.00","4,597.00","33,483.00","2,520.00","24,135.00","73,670.00",,"12,765.00","86,435.00"
2000,3,"21,407.00","21,182.00","37,156.00","30,091.00",,"109,836.00","20,756.00","130,592.00",344,"3,319.00","3,663.00","15,784.00","6,039.00","50,232.00","3,732.00","39,481.00","115,268.00",,"22,493.00","137,761.00"
2000,6,"28,605.00","28,493.00","54,402.00","40,944.00",,"152,444.00","25,999.00","178,443.00",0,"4,247.00","4,247.00","20,752.00","8,635.00","65,861.00","5,145.00","56,142.00","156,535.00",,"18,584.00","175,119.00"
2000,7,"2,813.00","1,572.00","2,905.00","2,708.00",,"9,998.00","1,617.00","11,615.00",0,323,323,"2,739.00",746,"5,805.00",543,"4,225.00","14,058.00",,"1,360.00","15,418.00"
2000,8,"4,427.00","4,152.00","6,375.00","7,392.00",,"22,346.00","4,257.00","26,603.00",0,516,516,"4,298.00","1,060.00","11,610.00",600,"12,192.00","29,760.00",,"1,909.00","31,669.00"
2000,9,"7,273.00","6,604.00","12,174.00","11,424.00",,"37,475.00","6,797.00","44,272.00",0,"3,069.00","3,069.00","6,682.00","1,497.00","17,415.00","1,309.00","17,457.00","44,360.00",,"5,450.00","49,810.00"
2000,10,"10,131.00","8,716.00","15,448.00","15,386.00",,"49,681.00","9,319.00","59,000.00",0,"3,355.00","3,355.00","8,659.00","1,934.00","23,220.00","1,650.00","26,926.00","62,389.00",,"7,396.00","69,785.00"
2000,11,"13,022.00","11,314.00","19,522.00","19,824.00",,"63,682.00","10,898.00","74,580.00",0,"3,569.00","3,569.00","9,603.00","2,056.00","29,025.00","2,250.00","33,368.00","76,302.00",,"9,646.00","85,948.00"
2000,12,"15,048.00","13,379.00","25,026.00","23,516.00",,"76,969.00","13,396.00","90,365.00","1,714.00","6,420.00","8,134.00","11,302.00","2,232.00","34,828.00","3,250.00","40,593.00","92,205.00",,"12,707.00","104,912.00"
2001,1,"17,301.00","16,115.00","28,901.00","27,924.00",,"90,241.00","17,042.00","107,283.00","1,714.00","8,410.00","10,124.00","13,606.00","2,915.00","41,062.00","4,096.00","48,053.00","109,732.00",,"13,659.00","123,391.00"
2001,2,"19,313.00","18,250.00","32,481.00","31,742.00",,"101,786.00","21,394.00","123,180.00","1,714.00","8,654.00","10,368.00","14,901.00","3,293.00","46,622.00","4,755.00","57,650.00","127,221.00",,"14,807.00","142,028.00"
2001,3,"21,733.00","20,457.00","36,597.00","36,730.00",,"115,517.00","25,289.00","140,806.00","1,714.00","11,232.00","12,946.00","16,906.00","3,727.00","52,472.00","5,116.00","65,606.00","143,827.00",,"22,196.00","166,023.00"
2001,4,"23,951.00","22,896.00","40,043.00","41,195.00",,"128,085.00","26,744.00","154,829.00","3,585.00","11,648.00","15,233.00","19,225.00","4,205.00","57,431.00","5,476.00","77,896.00","164,233.00",,"23,466.00","187,699.00"
2001,5,"26,224.00","25,321.00","46,418.00","45,722.00",,"143,685.00","33,866.00","177,551.00","3,585.00","11,793.00","15,378.00","20,500.00","4,445.00","62,451.00","5,837.00","86,235.00","179,468.00",,"28,892.00","208,360.00"
2001,6,"28,726.00","28,318.00","55,829.00","50,298.00",,"163,171.00","31,542.00","194,713.00","5,955.00","18,125.00","24,080.00","23,232.00","7,803.00","68,119.00","6,136.00","93,651.00","198,941.00",,"33,980.00","232,921.00"
2001,7,"1,697.00","1,830.00","3,162.00","3,337.00",,"10,026.00","1,739.00","11,765.00",0,120,120,"2,349.00","1,232.00","5,699.00",5,"3,534.00","12,819.00",,"1,007.00","13,826.00"
2001,8,"4,407.00","4,515.00","6,572.00","8,166.00",,"23,660.00","4,663.00","28,323.00","1,026.00",501,"1,527.00","3,772.00","1,617.00","12,460.00","1,475.00","11,435.00","30,759.00",,"3,542.00","34,301.00"
2001,9,"5,945.00","6,662.00","12,346.00","12,277.00",,"37,230.00","7,011.00","44,241.00","1,026.00",693,"1,719.00","5,742.00","2,436.00","18,375.00","2,505.00","15,315.00","44,373.00",,"4,609.00","48,982.00"
2001,10,"7,672.00","8,968.00","15,683.00","16,438.00",,"48,761.00","10,023.00","58,784.00","1,026.00","1,229.00","2,255.00","7,844.00","3,006.00","25,313.00","2,620.00","20,733.00","59,516.00",,"6,140.00","65,656.00"
2001,11,"9,946.00","11,758.00","19,614.00","21,232.00",,"62,550.00","12,819.00","75,369.00","1,026.00","1,716.00","2,742.00","9,534.00","3,238.00","31,641.00","4,213.00","31,315.00","79,941.00",,"7,676.00","87,617.00"
2001,12,"11,575.00","14,113.00","25,701.00","24,826.00",,"76,215.00","14,559.00","90,774.00","1,026.00","2,002.00","3,028.00","11,985.00","4,150.00","37,837.00","4,998.00","34,640.00","93,610.00",,"8,551.00","102,161.00"
2002,1,"13,305.00","17,460.00","29,724.00","29,723.00",,"90,212.00","16,848.00","107,060.00","1,026.00","2,378.00","3,404.00","14,135.00","4,998.00","44,767.00","5,782.00","42,190.00","111,872.00",,"10,555.00","122,427.00"
2002,2,"14,508.00","20,586.00","33,596.00","33,541.00",,"102,231.00","21,338.00","123,569.00","1,026.00","2,675.00","3,701.00","15,878.00","5,456.00","51,073.00","6,561.00","49,359.00","128,327.00",,"12,057.00","140,384.00"
2002,3,"16,114.00","23,178.00","37,918.00","37,506.00",,"114,716.00","22,966.00","137,682.00","1,026.00","3,546.00","4,572.00","18,044.00","6,186.00","57,542.00","6,572.00","55,781.00","144,125.00",,"13,467.00","157,592.00"
2002,4,"17,607.00","26,016.00","42,065.00","41,896.00",,"127,584.00","28,865.00","156,449.00","1,473.00","3,681.00","5,154.00","20,423.00","6,754.00","64,827.00","7,365.00","63,667.00","163,036.00",,"15,218.00","178,254.00"
2002,5,"19,323.00","28,974.00","48,780.00","46,389.00",,"143,466.00","31,095.00","174,561.00","1,473.00","4,988.00","6,461.00","21,852.00","6,941.00","72,343.00","8,155.00","69,418.00","178,709.00",,"20,459.00","199,168.00"
2002,6,"21,584.00","32,077.00","55,862.00","50,871.00",,"160,394.00","37,374.00","197,768.00","1,473.00","5,350.00","6,823.00","23,744.00","6,640.00","78,125.00","8,995.00","84,458.00","201,962.00",,"24,953.00","226,915.00"
2002,7,"1,421.00","2,479.00","3,015.00","3,892.00",,"10,807.00","2,124.00","12,931.00",0,698,698,"3,105.00",732,"6,970.00",626,"5,575.00","17,008.00",,"1,780.00","18,788.00"
2002,8,"3,226.00","5,431.00","7,540.00","8,009.00",,"24,206.00","4,180.00","28,386.00",0,"1,691.00","1,691.00","5,076.00","1,170.00","14,272.00","1,356.00","13,180.00","35,054.00",,"5,340.00","40,394.00"
2002,9,"4,554.00","8,517.00","13,442.00","12,468.00",,"38,981.00","6,871.00","45,852.00",0,"2,712.00","2,712.00","7,374.00","1,742.00","19,277.00","2,256.00","19,201.00","49,850.00",,"7,985.00","57,835.00"
2002,10,"5,963.00","10,389.00","17,528.00","18,598.00",,"52,478.00","8,897.00","61,375.00",0,"2,983.00","2,983.00","9,592.00","3,938.00","26,719.00","3,216.00","26,205.00","69,670.00",,"9,576.00","79,246.00"
2002,11,"7,383.00","13,097.00","22,656.00","23,163.00",,"66,299.00","11,002.00","77,301.00",0,"3,539.00","3,539.00","11,240.00","4,868.00","33,753.00","4,166.00","31,889.00","85,916.00",,"12,757.00","98,673.00"
2002,12,"8,520.00","15,946.00","29,916.00","27,566.00",,"81,948.00","14,540.00","96,488.00",0,"3,621.00","3,621.00","13,533.00","5,634.00","41,200.00","5,071.00","40,518.00","105,956.00",,"14,794.00","120,750.00"
2003,1,"10,119.00","19,296.00","34,827.00","32,540.00",,"96,782.00","17,524.00","114,306.00",0,"4,673.00","4,673.00","16,005.00","6,316.00","48,182.00","5,615.00","50,135.00","126,253.00",,"17,438.00","143,691.00"
2003,2,"11,781.00","22,291.00","38,580.00","37,369.00",,"110,021.00","25,542.00","135,563.00",0,"5,808.00","5,808.00","18,044.00","6,632.00","55,629.00","6,365.00","60,387.00","147,057.00",,"19,240.50","166,298.00"
2003,3,"13,276.00","25,303.00","44,149.00","42,047.00",,"124,775.00","26,310.00","151,085.00",0,"7,366.00","7,366.00","20,862.00","7,154.00","63,076.00","7,314.00","62,672.00","161,078.00",,"21,043.00","182,121.00"
2003,4,"14,712.00","28,428.00","51,614.00","46,983.00",,"141,737.00","28,462.00","170,199.00",0,"9,195.00","9,195.00","23,329.00","7,582.00","70,413.00","6,870.00","66,995.00","175,189.00",,"29,145.00","204,334.00"
2003,5,"16,542.00","31,455.00","57,418.00","51,502.00",,"156,917.00","30,414.00","187,331.00",0,"12,502.00","12,502.00","25,183.00","7,639.00","77,750.00","7,730.00","77,458.00","195,760.00",,"35,248.00","231,008.00"
2003,6,"18,477.00","35,643.00","66,744.00","56,135.00",,"176,999.00","33,751.00","210,750.00",458,"14,484.00","14,942.00","27,567.00","8,459.00","85,087.00","9,450.00","90,055.00","220,618.00",,"43,526.00","264,144.00"
2003,7,"1,677.00","2,681.00","4,736.00","3,622.00",,"12,716.00","2,339.00","15,055.00",0,173,173,"2,124.98",910,"7,225.00","1,201.00","7,651.00","19,111.98",,"2,438.00","21,549.98"
2003,8,"3,297.00","5,574.00","9,577.00","7,703.00",,"26,151.00","5,224.00","31,375.00",0,"2,761.00","2,761.00","4,262.50","1,310.00","14,435.00","2,103.00","14,861.00","36,971.50",,"6,756.00","43,727.50"
2003,9,"4,994.00","8,937.00","16,934.00","12,713.00",,"43,578.00","8,287.00","51,865.00","4,275.00","2,908.00","7,183.00","6,504.00","1,832.00","21,574.00","2,220.00","21,449.00","53,579.00",,"7,676.00","61,255.00"
2003,10,"6,647.00","12,019.00","21,865.00","18,085.00",,"58,616.00","10,637.00","69,253.00","4,275.00","3,376.00","7,651.00","8,768.00","2,526.00","28,712.00","2,720.00","29,818.00","72,544.00",,"8,740.00","81,284.00"
2003,11,"8,084.00","15,401.00","26,451.00","22,932.00",,"72,868.00","13,441.00","86,309.00","4,275.00","5,055.00","9,330.00","10,684.00","2,635.00","35,851.00","4,225.00","33,880.00","87,275.00",,"11,742.00","99,017.00"
2003,12,"10,044.00","18,800.00","34,766.00","28,051.00",,"91,661.00","19,884.00","111,545.00","4,383.00","5,959.00","10,342.00","12,701.00","3,382.00","43,722.00","6,125.00","40,947.00","106,877.00",,"14,910.00","121,787.00"
2004,1,"12,079.00","22,689.00","39,854.00","33,458.00",,"108,080.00","22,015.00","130,095.00","4,383.00","6,128.00","10,511.00","14,301.00","4,092.00","54,738.00","8,375.00","47,610.00","129,116.00",,"16,894.00","146,010.00"
2004,2,"13,758.00","25,819.00","45,323.00","38,472.00",,"123,372.00","25,071.00","148,443.00","4,383.00","8,163.00","12,546.00","16,410.00","4,498.00","63,638.00","9,305.00","52,742.00","146,593.00",,"20,046.00","166,639.00"
2004,3,"15,790.00","29,434.00","51,380.00","44,115.00",,"140,719.00","28,985.00","169,704.00","4,383.00","8,165.00","12,548.00","18,710.00","4,974.00","70,370.00","10,205.00","63,123.00","167,382.00",,"22,039.00","189,421.00"
2004,4,"18,003.00","32,817.00","60,967.00","49,959.00",,"161,746.00","33,961.00","195,707.00","4,383.00","9,784.00","14,167.00","20,309.00","5,608.00","78,610.00","10,570.00","72,036.00","187,133.00",,"25,615.00","212,748.00"
2004,5,"19,457.00","35,885.00","67,287.00","55,199.00",,"177,828.00","38,384.00","216,212.00","4,383.00","9,894.00","14,277.00","21,857.00","5,662.00","86,938.00","10,933.00","79,213.00","204,603.00",,"27,028.00","231,631.00"
2004,6,"22,324.00","40,085.00","77,410.00","61,725.00",,"201,544.00","53,137.00","254,681.00","4,383.00","11,841.00","16,224.00","23,281.00","6,419.00","95,850.00","13,612.00","105,314.00","244,476.00",,"37,711.00","282,187.00"
2004,7,"1,511.00","2,964.00","5,363.00","5,027.00",,"14,865.00","1,950.00","16,815.00",0,"1,747.00","1,747.00","1,733.82","1,108.00","8,552.69","1,080.00","4,807.49","17,282.00",,"3,160.00","20,442.00"
2004,8,"3,591.00","6,239.00","11,254.00","11,391.00",,"32,475.00","4,675.00","37,150.00",0,"2,199.00","2,199.00","3,661.00","1,536.00","17,638.00","2,530.00","12,848.00","38,213.00",,"4,162.00","42,375.00"
2004,9,"5,744.00","9,830.00","20,225.00","17,664.00",,"53,463.00","7,173.00","60,636.00",0,"3,395.00","3,395.00","5,228.00","2,184.00","26,489.00","3,030.00","21,346.00","58,277.00",,"7,661.00","65,938.00"
2004,10,"7,608.00","14,117.00","28,150.00","22,967.00",,"72,842.00","12,783.00","85,625.00",0,"3,696.00","3,696.00","6,643.00","2,796.00","35,378.00","4,140.00","30,306.00","79,263.00",,"9,516.00","88,779.00"
2004,11,"9,619.00","17,879.00","34,643.00","29,323.00",,"91,464.00","17,077.00","108,541.00",0,"3,774.00","3,774.00","8,144.00","3,100.00","44,087.00","5,240.00","39,093.50","99,664.50",,"13,593.50","113,258.00"
2004,12,"11,872.00","21,737.00","47,005.00","36,003.00",,"116,617.00","22,327.00","138,944.00",0,"5,611.00","5,611.00","9,777.00","4,121.00","53,054.00","6,340.00","45,422.00","118,714.00",,"14,922.00","133,636.00"
2005,1,"14,047.00","25,260.00","55,557.00","43,434.00",,"138,298.00","27,348.00","165,646.00",0,"7,108.00","7,108.00","11,984.01","5,190.43","62,025.57","7,532.00","50,002.99","136,735.00",,"21,388.00","158,123.00"
2005,2,"15,886.00","28,901.00","61,342.00","48,930.00",,"155,059.00","30,460.00","185,519.00",0,"9,366.00","9,366.00","13,855.00","5,612.00","68,899.00","9,132.00","56,307.00","153,805.00",,"24,158.00","177,963.00"
2005,3,"17,533.00","32,414.00","69,295.00","55,620.00",,"174,862.00","33,903.00","208,765.00",0,"10,371.00","10,371.00","16,368.00","6,196.00","77,315.00","9,797.00","67,309.00","176,985.00",,"25,268.00","202,253.00"
2005,4,"19,309.00","36,180.00","78,792.00","62,565.00",,"196,846.00","35,960.00","232,806.00",0,"11,236.00","11,236.00","18,406.00","6,724.00","85,602.00","11,821.00","77,780.00","200,333.00",,"29,621.00","229,954.00"
2005,5,"21,010.00","39,892.00","87,626.00","68,247.00",,"216,775.00","37,405.00","254,180.00",0,"12,396.00","12,396.00","20,500.00","7,011.00","95,780.00","12,124.00","90,049.00","225,464.00",,"35,328.00","260,792.00"
2005,6,"23,532.00","44,151.00","99,255.00","75,989.00",,"242,927.00","46,875.00","289,802.00","5,564.00","9,341.00","14,905.00","23,375.00","7,427.00","105,612.00","12,568.00","109,096.00","258,078.00",,"45,627.00","303,705.00"
2005,7,987,"2,687.00","6,654.00","3,826.00",,"14,154.00","1,327.00","15,481.00",0,818,818,"2,098.00","1,946.00","8,944.00",575,"7,571.00","21,134.00",,"3,533.00","24,667.00"
2005,8,"2,742.00","6,080.00","15,462.00","9,577.00",,"33,861.00","3,551.00","37,412.00",0,"1,881.00","1,881.00","4,201.00","2,603.00","17,869.00","2,118.00","21,576.00","48,367.00",,"8,785.00","57,152.00"
2005,9,"4,652.00","11,369.00","27,337.00","14,771.00",,"58,129.00","6,815.00","64,944.00",0,"3,760.00","3,760.00","6,529.00","3,222.00","26,833.00","4,438.00","32,072.00","73,094.00",,"13,458.00","86,552.00"
2005,10,"6,322.00","15,246.00","35,498.00","21,362.00",,"78,428.00","12,493.00","90,921.00",0,"4,201.00","4,201.00","8,970.00","5,031.00","35,619.00","7,404.00","43,993.00","101,017.00",,"16,821.00","117,838.00"
2005,11,"8,227.00","20,179.00","42,620.00","26,950.00",,"97,976.00","13,629.00","111,605.00",0,"4,704.00","4,704.00","11,198.00","5,155.00","43,747.00","9,434.00","52,603.00","122,137.00",,"19,157.00","141,294.00"
2005,12,"9,923.00","24,937.00","54,823.00","33,753.00",,"123,436.00","19,179.00","142,615.00",0,"5,698.00","5,698.00","13,761.00","5,824.00","53,666.00","11,189.00","70,401.00","154,841.00",,"23,847.00","178,688.00"
2006,1,"11,731.00","29,458.00","62,639.00","41,172.00",,"145,000.00","24,821.00","169,821.00","4,371.00","9,548.00","13,919.00","16,873.00","6,887.00","62,610.00","12,698.00","80,326.00","179,394.00",,"30,397.00","209,791.00"
2006,2,"13,270.00","33,685.00","69,270.00","47,161.00",,"163,386.00","26,840.00","190,226.00","4,371.00","10,131.00","14,502.00","19,690.00","8,075.00","71,555.00","14,088.00","87,103.00","200,511.00",,"34,745.00","235,256.00"
2006,3,"15,205.00","37,886.00","78,853.00","54,261.00",,"186,205.00","30,947.00","217,152.00","4,371.00","11,234.00","15,605.00","22,772.00","8,715.00","79,621.00","15,571.00","100,299.00","226,978.00",,"41,437.00","268,415.00"
2006,4,"16,053.00","41,208.00","89,221.00","60,194.00",,"206,676.00","34,314.00","240,990.00","4,371.00","11,981.00","16,352.00","25,419.00","9,276.00","88,448.00","16,274.00","109,883.00","249,300.00",,"44,350.00","293,650.00"
2006,5,"18,426.00","45,389.00","100,030.00","67,931.00",,"231,776.00","41,715.00","273,491.00","4,371.00","12,579.00","16,950.00","28,364.00","9,378.00","97,300.00","17,922.00","122,508.00","275,472.00",,"53,415.00","328,887.00"
2006,6,"20,511.00","50,309.00","108,897.00","76,263.00",,"255,980.00","57,615.55","313,595.55","4,371.00","15,592.00","19,963.00","31,445.00","9,664.00","112,277.00","19,759.00","143,036.00","316,181.00",,"60,301.00","376,482.00"
2006,7,"2,031.08","3,768.98","7,398.71","7,589.00",,"20,787.77","1,858.02","22,645.79",0,264,264,"3,009.00",582,"9,886.00","1,800.00","10,263.00","25,540.00",,372,"25,912.00"
2006,8,"4,650.00","8,755.00","14,810.00","14,016.00",,"42,231.00","4,227.00","46,458.00",0,"1,440.00","1,440.00","5,964.00",925,"19,492.00","4,800.00","19,352.00","50,533.00",,"8,824.00","59,357.00"
2006,9,"6,971.00","12,768.00","28,625.00","19,560.00",,"67,924.00","7,633.00","75,557.00",0,"2,173.00","2,173.00","8,918.00","1,531.00","29,344.00","6,800.00","33,874.00","80,467.00",,"13,901.00","94,368.00"
2006,10,"8,954.00","16,862.00","35,345.00","29,267.00",,"90,428.00","13,743.00","104,171.00",0,"3,693.00","3,693.00","11,732.00","1,861.00","39,087.00","8,100.00","48,555.00","109,335.00",,"19,034.00","128,369.00"
2006,11,"11,294.00","21,240.00","43,019.00","37,417.00",,"112,970.00","15,687.00","128,657.00",0,"5,025.00","5,025.00","14,389.00","1,957.00","48,800.00","9,900.00","60,206.54","135,252.54",,"25,858.36","161,110.89"
2006,12,"13,692.73","25,373.90","56,537.00","44,617.00",,"140,220.64","22,218.18","162,438.82",0,"6,027.00","6,027.00","17,559.00","2,756.00","58,514.21","11,798.11","69,864.60","160,491.92",,"30,276.87","190,768.79"
2007,1,"16,071.00","31,205.00","65,182.00","53,015.00",,"165,473.00","29,847.00","195,320.00",0,"6,163.00","6,163.00","20,634.00","3,224.00","67,370.00","12,348.00","79,741.00","183,317.00",,"36,409.00","219,726.00"
2007,2,"18,178.00","35,139.00","72,539.00","59,867.00",,"185,723.00","36,020.00","221,743.00",0,"6,463.00","6,463.00","23,507.00","3,560.00","78,528.00","14,208.00","93,710.00","213,513.00",,"41,924.00","255,437.00"
2007,3,"20,514.00","39,613.00","82,947.00","68,899.00",,"211,973.00","44,741.00","256,714.00",0,"8,283.00","8,283.00","27,789.00","4,158.00","89,423.00","16,668.00","106,502.00","244,540.00",,"53,094.00","297,635.00"
2007,4,"23,078.00","44,926.00","97,426.00","78,522.00",,"243,952.00","46,493.00","290,445.00",0,"11,011.00","11,011.00","30,959.00","4,532.00","99,437.00","17,648.00","120,816.00","273,392.00",,"57,472.00","330,864.00"
2007,5,"25,336.00","50,336.00","108,700.00","87,395.00",,"271,767.00","56,188.00","327,955.00",0,"11,150.00","11,150.00","33,698.00","4,623.00","111,308.00","19,718.00","127,186.00","296,533.00",,"65,153.00","361,686.00"
2007,6,"27,510.00","56,406.00","124,855.00","96,269.00",,"305,040.00","67,990.00","373,030.00",0,"15,494.00","15,494.00","36,860.00","5,677.00","128,754.00","20,449.00","133,959.00","325,699.00",,"81,053.00","406,752.00"
2007,7,"3,215.00","5,162.00","10,060.00","10,742.00",,"29,179.00","4,337.00","33,516.00",0,656,656,"3,443.00",400,"10,532.00","1,550.00","10,617.00","26,542.00",,"2,751.00","29,293.00"
2007,8,"5,913.00","10,732.00","19,686.00","19,580.00",,"55,911.00","8,886.00","64,797.00",0,"1,167.00","1,167.00","7,413.00",685,"18,936.00","3,586.00","25,594.00","56,214.00",,"13,432.00","69,646.00"
2007,9,"8,587.00","15,286.00","34,486.00","28,835.00",,"87,194.00","8,816.00","96,010.00",0,"1,237.00","1,237.00","10,454.00","1,069.00","33,208.00","5,238.00","28,578.00","78,547.00",,"16,275.00","94,822.00"
2007,10,"11,550.00","20,953.00","45,811.00","38,500.00",,"116,814.00","13,588.00","130,402.00",0,"4,735.00","4,735.00","14,026.00","1,501.00","44,188.00","6,710.00","45,162.00","111,587.00",,"31,232.00","142,819.00"
2007,11,"14,620.00","26,998.00","56,302.00","48,176.00",,"146,096.00","16,487.00","162,583.00",0,"6,365.00","6,365.00","17,568.00","1,729.00","55,347.00","8,507.00","59,827.00","142,978.00",,"45,560.00","188,538.00"
2007,12,"16,734.00","31,030.00","71,944.00","54,489.00",,"174,197.00","29,534.00","203,731.00",0,"8,362.00","8,362.00","21,111.00","2,330.00","68,335.00","12,560.00","65,899.00","170,235.00",,"51,723.00","221,958.00"
2008,1,"19,651.00","37,665.00","83,880.00","66,249.00",,"207,445.00","34,077.00","241,522.00","3,759.00","12,345.00","16,104.00","24,572.00","2,752.00","79,725.00","12,200.00","102,416.00","221,665.00",,"61,951.00","283,616.00"
2008,2,"22,497.00","42,036.00","92,769.00","75,003.00",,"232,305.00","37,001.00","269,306.00","3,759.00","12,345.00","16,104.00","27,931.00","3,036.00","91,115.00","13,300.00","110,597.00","245,979.00",,"67,992.00","313,971.00"
2008,3,"25,650.00","46,662.00","105,627.00","82,964.00",,"260,903.00","47,380.00","308,283.00","3,759.00","14,305.00","18,064.00","30,969.00","4,069.00","103,504.00","16,840.00","127,674.00","283,056.00",,"75,538.00","358,594.00"
2008,4,"27,846.00","52,062.00","123,757.00","92,085.00",,"295,750.00","50,441.00","346,191.00","3,759.00","16,166.00","19,925.00","33,692.00","4,492.00","118,452.00","19,290.00","137,243.00","313,169.00",,"80,757.00","393,926.00"
2008,5,"30,534.00","57,077.00","138,685.00","102,154.00",,"328,450.00","53,181.00","381,631.00","3,759.00","21,036.00","24,795.00","38,243.00","4,719.00","130,297.00","22,350.00","156,735.00","352,344.00",,"96,341.00","448,685.00"
2008,6,"32,944.00","61,906.00","156,832.00","111,939.00",,"363,621.00","68,599.00","432,220.00","3,759.00","21,689.00","25,448.00","42,181.00","5,696.00","145,996.00","24,089.00","185,407.00","403,368.00",,"131,473.00","534,841.00"
2008,7,"2,476.00","5,238.00","11,384.00","10,354.00",,"29,452.00","4,100.00","33,552.00",0,121,121,"3,213.00",356,"13,788.00","1,550.00","7,293.00","26,200.00",,"3,320.00","29,520.00"
2008,8,"4,654.00","10,437.00","22,118.00","20,201.00",,"57,410.00","8,818.00","66,228.00",0,"2,090.00","2,090.00","6,742.00",605,"27,183.00","3,620.00","18,262.00","56,412.00",,"18,231.00","74,643.00"
2008,9,"7,760.00","15,882.00","39,782.00","31,243.00",,"94,667.00","14,219.00","108,886.00",0,"3,239.00","3,239.00","10,417.00","1,087.00","38,111.00","7,315.00","33,556.00","90,486.00",,"19,580.00","110,066.00"
2008,10,"10,964.00","21,837.00","52,024.00","41,993.00",,"126,818.00","19,429.00","146,247.00",0,"3,520.00","3,520.00","13,629.00","1,536.00","52,138.00","8,840.00","60,543.00","136,686.00",,"39,172.00","175,858.00"
2008,11,"14,326.00","26,446.00","62,803.00","53,117.00",,"156,692.00","23,568.00","180,260.00",0,"3,890.00","3,890.00","18,805.00","1,692.00","61,815.00","10,400.00","71,731.00","164,443.00",,"46,067.00","210,510.00"
2008,12,"18,052.00","32,495.00","84,804.00","63,846.00",,"199,197.00","32,564.00","231,761.00",0,"5,165.00","5,165.00","21,359.00","2,637.00","77,778.00","13,970.00","90,195.00","205,939.00",,"57,006.00","262,945.00"
2009,1,"21,181.00","39,019.00","98,540.00","74,678.00",,"233,418.00","37,776.00","271,194.00",0,"6,225.00","6,225.00","25,176.00","3,380.00","90,435.00","14,610.00","104,988.00","238,589.00",,"62,947.00","301,536.00"
2009,2,"24,077.00","44,781.00","117,533.00","84,620.00",,"271,011.00","38,234.00","309,245.00",0,"9,604.00","9,604.00","30,472.00","3,944.00","103,550.00","16,210.00","124,721.00","278,897.00",,"80,486.00","359,383.00"
2009,3,"27,062.00","50,503.00","133,603.00","94,818.00",,"305,986.00","38,239.00","344,225.00",0,"13,209.00","13,209.00","33,510.00","4,442.00","117,270.00","21,021.00","132,371.00","308,614.00",,"81,512.00","390,126.00"
2009,4,"29,813.00","57,332.00","157,873.00","105,056.00",,"350,074.00","42,481.00","392,555.00",0,"14,659.00","14,659.00","37,346.00","4,896.00","130,300.00","21,220.00","166,377.00","360,139.00",,"104,985.00","465,124.00"
2009,5,"32,642.00","63,422.00","179,117.00","115,032.00",,"390,213.00","42,227.00","432,440.00",0,"17,202.00","17,202.00","42,089.00","6,267.00","143,330.00","22,320.00","179,494.00","393,500.00",,"122,203.00","515,703.00"
2009,6,"36,181.00","69,872.00","184,447.00","126,854.00",,"417,354.00","70,539.00","487,893.00",0,"18,065.00","18,065.00","45,949.00","6,109.00","155,220.00","27,191.00","200,952.00","435,421.00",,"160,177.00","595,598.00"
2009,7,"3,316.00","5,848.00","11,848.00","12,398.00",,"33,410.00","4,652.00","38,062.00",0,"2,018.00","2,018.00","4,509.00",558,"14,458.00","2,570.00","13,300.00","35,395.00",,"9,393.00","44,788.00"
2009,8,"6,316.00","10,850.00","23,514.00","23,044.00",,"63,724.00","8,547.00","72,271.00",0,"2,549.00","2,549.00","8,834.00",826,"28,917.00","5,130.00","32,302.00","76,009.00",,"21,636.00","97,645.00"
2009,9,"9,490.00","17,273.00","45,394.00","34,547.00",,"106,704.00","19,949.00","126,653.00",0,"3,469.00","3,469.00","13,497.00","1,490.00","43,375.00","6,880.00","56,750.00","121,992.00",,"39,021.00","161,013.00"
2009,10,"12,894.00","23,731.00","60,443.00","44,887.00",,"141,955.00","25,355.00","167,310.00",0,"3,524.00","3,524.00","19,631.00","1,917.00","57,833.00","8,920.00","76,508.00","164,809.00",,"45,920.00","210,729.00"
2009,11,"16,492.00","29,838.00","73,066.00","57,082.00",,"176,478.00","27,986.00","204,464.00",0,"3,524.00","3,524.00","25,789.00","2,199.00","72,291.00","12,470.00","82,700.00","195,449.00",,"52,297.00","247,746.00"
2009,12,"20,647.00","37,301.00","97,049.00","69,454.00",,"224,451.00","32,863.00","257,314.00",0,"8,766.00","8,766.00","31,144.00","3,167.00","82,516.00","16,110.00","101,911.00","234,848.00",,"61,284.00","296,132.00"
2010,1,"24,029.00","43,080.00","111,349.00","81,309.00",,"259,767.00","44,764.00","304,531.00",0,"9,879.00","9,879.00","34,415.00","3,623.00","101,208.00","17,410.00","125,783.00","282,439.00",,"91,807.00","374,246.00"
2010,2,"27,012.00","48,668.00","123,131.00","91,879.00",,"290,690.00","49,994.00","340,684.00",0,"9,978.00","9,978.00","38,861.00","3,886.00","115,666.00","20,300.00","153,009.00","331,722.00",,"108,304.00","440,026.00"
2010,3,"30,499.00","54,375.00","140,282.00","104,723.00",,"329,879.00","57,810.00","387,689.00",0,"14,378.00","14,378.00","43,440.00","4,483.00","128,058.00","24,812.00","181,097.00","381,890.00",,"121,194.00","503,084.00"
2010,4,"34,017.00","60,951.00","164,615.00","116,820.00",,"376,403.00","63,870.00","440,273.00",0,"16,301.00","16,301.00","46,510.00","4,898.00","144,583.00","24,778.00","191,856.00","412,625.00",,"152,487.00","565,112.00"
2010,5,"37,396.00","67,745.00","182,052.00","128,187.00",,"415,380.00","69,823.00","485,203.00",0,"16,822.00","16,822.00","51,923.00","5,194.00","156,515.00","27,094.00","228,185.00","468,911.00",,"175,633.00","644,544.00"
2010,6,"41,372.00","74,644.00","216,760.00","146,792.00",,"479,568.00","106,809.00","586,377.00",0,"31,190.00","31,190.00","58,438.00","6,341.00","173,499.00","28,441.00","269,676.00","536,395.00",,"255,398.00","791,793.00"
2010,7,"2,821.00","5,889.00","13,219.00","11,916.00",,"33,845.00","4,694.00","38,539.00",0,0,0,"3,762.00",491,"15,974.00","1,950.00","13,582.00","35,759.00",,174,"35,933.00"
2010,8,"6,273.00","12,065.00","27,193.00","24,513.00",,"70,044.00","12,042.00","82,086.00",0,944,944,"9,380.00",747,"31,948.00","4,085.00","39,260.00","85,420.00",,"26,364.00","111,784.00"
2010,9,"10,323.00","18,968.00","51,972.00","38,207.00",,"119,470.00","13,399.00","132,869.00",0,"1,178.00","1,178.00","14,487.00","1,596.00","43,412.00","6,000.00","58,227.00","123,722.00",,"39,741.00","163,463.00"
2010,10,"14,402.00","25,565.00","69,453.00","53,228.00",,"162,648.00","25,253.00","187,901.00",0,"5,185.00","5,185.00","21,612.00","2,303.00","64,881.00","8,860.00","83,276.00","180,932.00",,"62,550.00","243,482.00"
2010,11,"18,647.00","32,331.00","84,560.00","67,487.00",,"203,025.00","33,378.00","236,403.00",0,"6,757.00","6,757.00","27,223.00","2,789.00","81,101.00","10,650.00","102,229.00","223,992.00",,"79,574.00","303,566.00"
2010,12,"22,699.00","39,516.00","114,188.00","81,576.00",,"257,979.00","36,883.00","294,862.00",0,"8,108.00","8,108.00","34,214.00","3,634.00","98,395.00","13,470.00","123,817.00","273,530.00",,"83,192.67","356,722.67"
2011,1,"26,830.00","47,177.00","130,250.00","98,612.00",,"302,869.00","47,856.00","350,725.00",0,"11,851.00","11,851.00","36,737.00","4,169.00","114,794.00","15,110.00","149,392.00","320,202.00",,"113,899.50","434,101.50"
2011,2,"29,881.00","54,186.00","144,295.00","111,427.00",,"339,789.00","54,751.00","394,540.00",0,"14,262.00","14,262.00","41,645.00","4,429.00","131,194.00","17,010.00","161,224.00","355,502.00",,"133,862.00","489,364.00"
2011,3,"34,032.00","60,879.00","164,961.00","125,497.00",,"385,369.00","61,197.00","446,566.00",0,"15,766.00","15,766.00","49,214.00","5,159.00","147,593.00","19,310.00","188,835.00","410,111.00",,"149,889.00","560,000.00"
2011,4,"37,105.00","66,528.00","195,385.00","139,887.00",,"438,905.00","72,487.00","511,392.00",0,"14,294.00","14,294.00","52,846.00","5,159.00","165,051.00","22,385.00","216,196.00","461,637.00",,"168,499.00","630,136.00"
2011,5,"41,112.00","73,371.00","221,026.00","154,226.00",,"489,735.00","76,052.00","565,787.00",0,"18,993.00","18,993.00","58,183.00","6,174.00","181,556.00","23,660.00","229,768.00","499,341.00",,"188,257.00","687,598.00"
2011,6,"46,072.00","80,567.00","258,651.00","171,881.00",,"557,171.00","103,593.00","660,764.00",0,"7,468.00","7,468.00","69,209.00","6,989.00","197,959.00","26,670.00","281,696.00","582,523.00",,"234,566.00","817,089.00"
2011,7,"3,248.00","5,104.00","14,653.00","13,748.00",,"36,753.00","2,609.00","39,362.00",0,573,573,"2,737.00",567,"18,547.00","1,700.00","14,853.00","38,404.00",,"5,315.00","43,719.00"
2011,8,"7,888.00","11,159.00","31,470.00","27,934.00",,"78,451.00","5,949.00","84,400.00",0,"1,044.00","1,044.00","11,384.00",826,"37,094.00","3,800.00","25,297.00","78,401.00",,"17,480.00","95,881.00"
2011,9,"12,426.00","17,760.00","63,008.00","42,711.00",,"135,905.00","11,147.00","147,052.00",0,"2,760.00","2,760.00","17,366.00","1,551.00","55,641.00","6,152.00","55,765.00","136,475.00",,"43,150.00","179,625.00"
2011,10,"16,356.00","22,853.00","84,523.00","55,660.00",,"179,392.00","14,346.00","193,738.00",0,"3,232.00","3,232.00","23,738.00","2,102.00","68,345.00","8,072.00","86,313.00","188,570.00",,"59,731.00","248,301.00"
2011,11,"20,513.00","30,073.00","103,651.00","70,910.00",,"225,147.00","17,992.00","243,139.00",0,"5,774.00","5,774.00","29,467.00","2,559.00","85,432.00","9,250.00","116,977.00","243,685.00",,"76,384.00","320,069.00"
2011,12,"25,055.46","37,010.85","141,447.82","86,160.58",,"289,674.72","25,163.86","314,838.57",0,"7,017.63","7,017.63","37,749.14","3,454.61","108,090.10","11,250.00","155,388.76","315,932.61",,"114,992.97","430,925.57"
2012,1,"28,584.82","44,380.12","159,088.70","100,781.65",,"332,835.29","29,280.70","362,115.99",0,"8,653.86","8,653.86","38,182.22","4,060.80","126,105.11","13,250.00","190,266.43","371,864.57",,"137,335.58","509,200.15"
2012,2,"32,455.00","50,627.00","178,098.00","114,489.00",,"375,669.00","33,908.00","409,577.00",0,"10,256.00","10,256.00","51,178.00","4,339.00","144,120.00","15,150.00","211,248.00","426,035.00",,"160,518.00","586,553.00"
2012,3,"36,587.00","57,999.00","203,053.00","128,633.00",,"426,272.00","38,897.00","465,169.00",0,"10,568.00","10,568.00","56,422.00","5,099.00","163,974.00","18,852.00","235,083.00","479,430.00",,"190,752.00","670,182.00"
2012,4,"40,539.00","64,504.00","240,871.00","142,939.00",,"488,853.00","45,589.00","534,442.00",0,"12,536.00","12,536.00","65,007.00","5,645.00","182,193.00","21,752.00","271,219.28","545,816.28",,"202,878.00","748,694.28"
2012,5,"45,558.00","71,926.00","268,833.00","157,690.00",,"544,007.00","53,288.00","597,295.00",0,"12,966.00","12,966.00","73,800.00","6,134.00","198,756.00","23,652.00","292,311.28","594,653.28",,"231,574.00","826,227.28"
2012,6,"51,712.00","78,884.00","312,463.00","183,386.00",,"626,445.00","64,287.00","690,732.00",0,"12,966.00","12,966.00","82,339.00","8,880.00","218,833.00","26,152.00","302,865.00","639,069.00",,"276,819.00","915,888.00"
2012,7,"3,973.99","5,625.32","17,973.38","12,822.10",,"40,394.79","2,794.57","43,189.36",0,10.1706,10.1706,"6,815.19",698.1526121,"21,783.33","2,050.00","8,796.96","40,143.64",,"9,888.60","50,032.24"
2012,8,"8,932.89","11,459.20","41,990.51","27,186.40",,"89,569.00","7,774.30","97,343.30",,519.5264668,519.5264668,"18,183.87","1,686.45","43,566.67","3,500.00","40,927.12","107,864.11",,"38,321.03","146,185.13"
2012,9,"13,137.73","18,301.34","78,106.65","41,515.82",,"151,061.54","10,942.47","162,004.01",,"1,292.51","1,292.51","25,209.18","2,922.52","65,350.00","6,350.00","68,240.63","168,072.33",,"64,219.81","232,292.14"
2012,10,"18,528.02","26,307.61","103,100.53","53,056.31",,"200,992.47","15,278.16","216,270.63",,"2,953.08","2,953.08","36,129.28","3,683.09","86,478.25","6,850.00","94,623.97","227,764.58",,"80,694.52","308,459.11"
2012,11,"23,488.84","33,208.91","126,569.48","72,555.99",,"255,823.23","25,136.18","280,959.41",,"4,370.76","4,370.76","45,835.69","4,462.05","108,916.67","10,300.00","133,614.54","303,128.95",,"99,937.95","403,066.90"
2012,12,"28,212.63","40,532.06","168,398.39","87,565.62",,"324,708.70","34,374.59","359,083.29",,"6,282.51","6,282.51","53,622.58","5,528.77","131,149.18","12,300.00","182,881.04","385,481.57",,"120,930.06","506,411.63"
2013,1,"33,537.28","49,387.03","192,826.92","105,042.06",,"380,793.29","38,783.11","419,576.40",,"7,917.79","7,917.79","59,307.55","6,834.88","153,007.38","14,130.00","205,106.73","438,386.54",,"151,162.16","589,548.70"
2013,2,"37,906.34","56,523.11","214,700.73","119,699.63",,"428,829.82","44,456.41","473,286.23",,"8,543.24","8,543.24","71,512.07","7,427.72","174,266.67","16,930.00","230,903.54","501,040.00",,"159,151.43","660,191.43"
2013,3,"42,458.74","63,087.89","243,592.05","134,455.45",,"483,594.14","47,998.12","531,592.25",,"12,119.61","12,119.61","78,929.14","8,732.27","202,225.07","19,930.00","266,599.30","576,415.78",,"197,661.20","774,076.98"
2013,4,"47,144.94","69,984.26","290,336.19","189,157.57",,"596,622.96","62,376.34","658,999.30",,"13,607.50","13,607.50","87,699.14","9,485.34","217,833.33","20,180.00","324,804.24","660,002.05",,"218,169.51","878,171.56"
2013,5,"52,379.92","77,495.66","326,852.67","168,795.33",,"625,523.58","69,522.81","695,046.39",,"17,146.13","17,146.13","101,275.29","10,299.86","247,163.97","22,030.00","356,700.55","737,469.67",,"248,051.61","985,521.28"
2013,6,"61,484.24","91,810.07","370,600.00","216,000.00",,"739,894.32","82,772.64","822,666.96",,"76,373.33","76,373.33","94,513.54","11,335.23","292,239.00","41,011.83","380,551.34","819,650.94",,"443,721.01","1,263,371.95"
2013,7,"6,700.69","7,947.21","25,208.81","15,256.69",,"55,113.41","3,464.01","58,577.41",,17,17,"3,315.20",504.2940934,"22,788.15","1,800.00","21,343.47","49,751.12",,175.346881,"49,926.47"
2013,8,"16,071.30","18,250.44","52,563.23","34,215.07",,"121,100.04","7,022.23","128,122.27",,298.9744211,298.9744211,"14,654.60",809.3578708,"45,388.38","4,050.00","56,410.42","121,312.75","16,440.59","7,281.19","145,034.54"
2013,9,"23,325.50","29,001.86","98,914.41","51,548.70",,"202,790.47","10,776.54","213,567.01",,"1,623.96","1,623.96","28,377.45","2,913.05","67,292.28","6,050.00","88,786.62","193,419.39","32,881.18","38,125.32","264,425.90"
2013,10,"31,774.58","31,870.54","131,457.09","71,973.50",,"267,075.71","21,600.40","288,676.11",,"4,636.05","4,636.05","40,650.43","3,480.51","90,376.75","8,900.00","116,934.15","260,341.84","32,881.18","59,077.77","352,300.80"
2013,11,"39,722.00","40,835.65","159,185.37","91,186.85",,"330,929.88","33,160.39","364,090.26",,"7,891.42","7,891.42","50,945.13","4,016.00","113,720.94","11,460.00","139,857.10","319,999.17","52,223.06","86,160.45","458,382.67"
2013,12,"47,493.00","48,050.39","210,699.12","110,723.24",,"416,965.75","43,636.60","460,602.35",,"8,368.61","8,368.61","60,096.26","5,019.90","138,165.13","13,810.00","162,330.28","379,421.57","66,542.32","110,801.04","556,764.93"
2014,1,"55,873.03","57,044.76","239,412.09","132,020.40",,"484,350.28","54,450.58","538,800.86",,"9,298.66","9,298.66","64,918.71","5,688.91","173,395.17","16,010.00","196,048.64","456,061.43","88,972.61","124,805.58","669,839.62"
2014,2,"62,547.68","64,686.19","264,210.53","149,385.25",,"540,829.64","46,275.51","587,105.15",,"11,580.08","11,580.08","75,748.55","6,040.25","196,831.47","18,310.00","198,953.81","495,884.08","91,207.95","158,805.86","745,897.89"
2014,3,"69,518.49","72,451.77","298,241.62","168,100.46",,"608,312.34","73,264.43","681,576.77",,"12,723.30","12,723.30","82,561.90","8,192.83","221,249.69","20,310.00","213,130.47","545,444.89","110,115.24","172,084.74","827,644.87"
2014,4,"76,877.99","81,085.61","351,630.35","188,091.81",,"697,685.76","81,327.68","779,013.44",,"16,734.50","16,734.50","89,273.47","8,759.89","246,032.99","22,660.00","239,446.78","606,173.12","124,810.42","209,478.72","940,462.26"
2014,5,"84,511.67","90,419.75","389,249.19","210,202.43",,"774,383.04","85,776.82","860,159.86",,"20,605.40","20,605.40","108,703.69","9,479.74","270,836.28","24,910.00","267,877.26","681,806.98","159,907.70","237,985.21","1,079,699.88"
2014,6,"67,554.64","102,029.10","449,590.07","232,630.32",,"851,804.13","117,358.03","969,162.15",,"25,272.96","25,272.96","119,193.05","14,934.32","288,471.47","31,210.00","342,684.21","796,493.04","193,389.86","291,279.92","1,281,162.82"
2014,7,"4,564.12","7,614.58","31,331.13","17,885.28",,"61,395.11","28,335.10","89,730.22",,527.23,527.23,"4,509.05",462.6764361,"25,000.00","1,800.00","15,358.76","47,130.48",0,"2,459.60","49,590.08"
2014,8,"10,180.30","14,893.93","62,134.53","37,505.22",,"124,713.98","42,866.19","167,580.17",,581.802,581.802,"18,657.00","1,051.22","50,010.00","3,945.98","55,456.43","129,120.64",0,"11,949.15","141,069.79"
2014,9,"16,632.95","24,672.98","116,250.03","58,708.19",,"216,264.15","45,236.81","261,500.96",,"3,377.15","3,377.15","34,672.73","3,848.46","75,030.00","6,915.98","98,484.71","218,951.88","9,064.02","33,099.67","261,115.56"
2014,10,"22,465.82","37,500.36","150,355.81","80,398.18",,"290,720.16","61,552.46","352,272.63",,"6,010.81","6,010.81","39,569.10","4,179.79","91,492.45","9,735.98","104,572.59","249,549.91","50,721.92","73,235.79","373,507.61"
2014,11,"28,171.97","47,378.45","180,321.15","101,526.79",,"357,398.36","58,731.83","416,130.19",,"6,664.25","6,664.25","51,230.69","5,164.95","114,365.56","12,495.98","119,190.90","302,448.07","69,908.34","117,740.19","490,096.60"
2014,12,"35,091.52","56,506.12","239,201.93","122,887.72",,"453,687.29","83,078.31","536,765.60",,"7,826.84","7,826.84","56,110.24","11,375.15","150,000.00","15,995.98","150,371.38","383,852.75","83,616.28","146,495.56","613,964.59"
2015,1,"41,881.56","66,833.18","272,458.24","147,619.96","29,417.87","558,210.80","52,845.54","611,056.34",0,"11,204.86","11,204.86","61,630.83","12,806.62","165,150.91","19,246.98","200,895.08","459,730.43","108,244.08","196,861.21","764,835.72"
2015,2,"47,363.61","74,536.93","303,065.92","166,771.33","35,951.14","627,688.93","65,098.74","692,787.67",,"15,158.17","15,158.17","72,382.34","18,914.55","188,743.90","20,446.98","235,488.12","535,975.88","115,321.81","212,885.93","864,183.63"
2015,3,"53,241.66","83,762.29","342,207.38","187,640.07","32,219.03","699,070.44","65,496.89","764,567.34",,"19,123.61","19,123.61","85,699.50","21,303.29","225,000.00","25,946.98","261,707.44","619,657.21","138,064.92","375,413.07","1,133,135.19"
2015,4,"59,201.65","94,354.32","398,095.05","210,855.39","39,628.18","802,134.59","76,263.71","878,398.29",,"23,419.63","23,419.63","97,735.57","21,303.29","250,000.00","30,046.98","293,817.10","692,902.94","172,338.06","399,083.81","1,264,324.81"
2015,5,"65,320.78","104,866.07","442,489.54","233,154.99","35,200.43","881,031.81","77,734.03","958,765.84",,"23,531.13","23,531.13","109,786.10","21,309.01","232,817.94","33,081.98","350,025.36","747,020.39","180,538.26","420,084.15","1,347,642.80"
2015,6,"74,047.72","115,871.72","508,580.90","259,685.20","39,039.89","997,225.43","85,936.47","1,083,161.90",,"27,383.85","27,383.85","139,727.92","29,289.05","297,978.48","38,231.98","359,020.53","864,247.96","229,336.24","511,822.12","1,605,406.32"
2015,7,"5,853.47","9,415.75","36,489.51","21,897.56","3,464.09","77,120.38","4,087.26","81,207.63",,61.0026082,61.0026082,"6,722.04","1,973.01","27,793.89",200,"15,138.25","51,827.19",0,"5,155.94","56,983.12"
2015,8,"12,675.89","19,812.26","69,280.20","44,333.76","7,318.48","153,420.59","8,770.25","162,190.83",,"2,975.94","2,975.94","19,393.26","2,454.20","55,587.78","3,100.00","16,553.28","97,088.52","11,834.57","29,772.57","138,695.66"
2015,9,"19,422.32","30,103.86","126,753.69","69,408.95","10,935.47","256,624.30","20,369.81","276,994.11",,"5,493.79","5,493.79","37,395.18","5,635.86","52,089.78","10,400.00","76,074.54","181,595.36","31,387.60","41,218.70","254,201.66"
2015,10,"26,230.62","41,110.60","162,202.78","91,824.89","15,584.20","336,953.08","28,530.60","365,483.68",,"6,494.63","6,494.63","51,557.36","5,635.86","52,092.78","14,400.00","161,362.77","285,048.77","54,151.57","57,472.47","396,672.81"
2015,11,"32,733.88","51,809.44","197,436.72","115,132.81","18,982.72","416,095.56","35,190.16","451,285.72",,"8,252.10","8,252.10","67,275.85","5,990.23","97,226.10","19,055.00","179,848.10","369,395.27","78,767.00","159,564.86","607,727.13"
2015,12,"39,170.00","64,705.00","262,184.00","138,036.00","21,945.00","526,040.00","49,200.00","575,240.00",,"9,243.00","9,243.00","85,715.00","15,067.00","148,714.77","23,468.00","203,997.23","476,962.00","99,191.00","193,030.00","769,183.00"
2016,1,"46,501.24","77,032.83","297,878.07","163,068.66","24,759.51","609,240.30","61,700.20","670,940.50",,"20,825.60","20,825.60","92,686.07","17,374.18","194,557.22","27,053.70","218,855.00","550,526.18","114,192.75","224,147.67","888,866.61"
2016,2,"47,212.86","77,666.68","299,514.61","164,755.34","25,375.53","614,525.01","66,352.92","680,877.93",,"24,248.77","24,248.77","105,146.71","17,937.31","222,351.11","27,053.70","194,337.48","566,826.32","114,659.52","246,270.44","927,756.27"
2016,3,"57,792.86","99,129.09","379,544.00","209,242.65","30,167.50","775,876.09","76,503.81","852,379.90",,"24,491.23","24,491.23","122,586.88","19,403.84","250,145.00","35,243.53","283,424.12","710,803.37","161,598.08","297,263.12","1,169,664.57"
2016,4,"64,271.46","111,517.06","445,127.85","234,226.41","32,973.57","888,116.35","85,145.59","973,261.94",,"26,075.67","26,075.67","137,820.73","20,253.97","277,938.89","42,278.43","323,418.54","801,710.57","199,384.77","337,847.99","1,338,943.32"
2016,5,"71,582.14","125,956.96","497,253.66","260,671.90","36,055.39","991,520.04","93,345.49","1,084,865.54",,"26,480.00","26,480.00","153,792.91","21,524.14","305,732.78","47,892.93","371,506.65","900,449.41","227,231.69","363,870.47","1,491,551.56"
2016,6,"79,187.93","139,540.34","564,475.21","289,213.47","39,567.66","1,111,984.62","110,030.12","1,222,014.74",,"28,005.46","28,005.46","172,857.04","30,510.02","307,421.40","54,396.43","463,943.67","1,029,128.55","264,038.64","483,601.22","1,776,768.41"
2016,7,"6,136.02","13,555.24","35,269.49","23,775.81","2,316.11","81,052.67","7,641.07","88,693.74",0,0,0,"8,643.42","7,030.99","30,064.68","2,603.50","13,471.98","61,814.58",0,"1,579.67","63,394.25"
2016,8,"12,797.55","27,205.48","80,325.68","52,696.55","5,174.61","178,199.87","18,588.96","196,788.82",0,25.9295715,25.9295715,"26,556.32","7,774.30","45,635.66","7,504.50","68,661.95","156,132.73","29,493.98","6,147.45","191,774.15"
2016,9,"19,968.63","40,427.17","140,855.00","79,648.06","8,130.30","289,029.16","27,140.39","316,169.54",0,"1,422.36","1,422.36","36,110.38","9,422.97","75,100.00","14,533.60","107,164.45","242,331.40","55,346.51","81,751.51","379,429.41"
2016,10,"25,843.57","52,977.15","177,381.82","100,833.15","10,375.40","367,411.09","37,880.27","405,291.36",0,"2,166.85","2,166.85","59,154.68","10,676.13","120,258.74","16,471.90","123,383.58","329,945.03","68,270.92","130,708.58","528,924.53"
2016,11,"32,551.39","60,350.37","222,639.68","126,909.84","12,147.12","454,598.41","58,135.10","512,733.51",0,"7,358.18","7,358.18","76,925.20","14,818.71","150,323.42","21,454.30","161,250.65","424,772.28","95,596.66","225,436.67","745,805.61"
2016,12,"42,883.21","81,664.37","289,274.61","160,535.77","16,812.60","591,170.56","78,164.53","669,335.10",0,"6,424.71","6,424.71","100,088.42","25,447.95","180,388.11","30,244.55","200,386.49","536,555.52","116,252.25","251,622.97","904,430.74"
2017,1,"50,841.52","95,811.63","330,139.60","190,043.66","19,403.28","686,239.69","86,454.94","772,694.63",0,"12,950.39","12,950.39","110,412.62","34,805.51","210,452.79","32,461.55","222,037.64","610,170.12","139,309.49","333,425.71","1,082,905.32"
2017,2,"58,615.39","109,381.19","364,994.08","217,776.70","22,381.90","773,149.26","96,571.69","869,720.96",0,"14,157.63","14,157.63","125,425.29","35,589.51","240,517.47","38,696.55","268,772.40","709,001.23","152,669.15","379,645.43","1,241,315.80"
2017,3,"65,804.00","121,568.00","412,034.00","246,084.00","25,118.91","870,608.88","104,098.73","974,707.60",0,"20,479.18","20,479.18","145,791.96","37,279.89","270,582.16","41,911.25","312,942.75","808,508.00","185,231.18","441,360.14","1,435,099.32"
2017,4,"72,638.00","134,666.00","482,910.00","274,169.00","27,613.71","991,996.20","114,131.87","1,106,128.07",0,"22,328.55","22,328.55","164,125.52","38,508.27","300,646.84","50,723.75","362,333.43","916,337.80","210,183.27","530,711.28","1,657,232.35"
2017,5,"81,319.00","149,102.00","547,507.00","305,994.00","30,553.97","1,114,477.06","136,770.48","1,251,247.54",0,"20,699.32","20,699.32","188,577.71","44,322.00","307,424.52","52,520.75","454,556.12","1,047,401.09","245,501.35","559,397.12","1,852,299.55"
2017,6,"89,943.00","165,474.00","625,050.00","339,034.00","33,961.29","1,253,462.72","143,637.53","1,397,100.24",0,"26,662.63","26,662.63","212,865.24","53,520.42","360,776.21","62,393.35","529,457.24","1,219,012.45","284,708.46","660,000.90","2,163,721.81"
2017,7,"6,624.00","13,248.00","37,256.00","27,199.00","3,456.52","87,783.34","7,628.51","95,411.85",0,81.1812,81.1812,"11,708.84","7,102.48","32,604.92",250,"17,821.82","69,488.06","8,793.58","5,748.51","84,030.16"
2017,8,"13,196.00","27,163.00","81,718.00","58,888.00","6,801.16","187,765.67","16,260.38","204,026.05",0,"1,687.81","1,687.81","29,524.29","7,763.86","65,209.83","7,545.80","77,352.63","187,396.42","17,901.08","24,275.43","229,572.92"
2017,9,"20,974.02","40,328.01","157,245.35","86,381.64","12,487.23","317,416.26","27,461.49","344,877.75",0,"6,265.57","6,265.57","49,871.41","12,246.58","97,814.75","10,222.32","127,052.54","297,207.61","20,434.08","57,713.23","375,354.92"
2017,10,"27,600.58","47,824.45","202,707.16","111,987.92","15,090.93","405,211.04","38,846.96","444,057.99",0,"4,669.56","4,669.56","70,241.95","19,427.91","122,003.94","16,315.17","163,187.77","391,176.74","35,371.29","121,796.38","548,344.41"
2017,11,"40,873.87","62,635.27","245,488.49","141,632.51","18,070.28","508,700.42","49,694.48","558,394.90",0,"9,922.55","9,922.55","89,408.82","25,130.60","163,024.58","22,170.20","210,492.10","510,226.29","65,452.70","143,302.51","718,981.50"
2017,12,"47,530.09","75,181.78","319,672.40","167,298.73","20,684.77","630,367.76","75,856.93","706,224.70",0,"14,791.91","14,791.91","114,630.26","41,279.05","195,629.50","27,908.41","255,069.38","634,516.61","84,670.93","209,797.72","928,985.25"
2018,1,"58,181.17","92,484.76","377,219.09","203,206.59","24,123.83","755,215.44","85,403.57","840,619.01",0,"16,305.04","16,305.04","125,890.99","50,339.41","228,234.42","31,735.91","323,470.58","759,671.31","107,516.24","209,851.17","1,077,038.72"
2018,2,"64,929.02","104,706.34","409,145.24","230,545.42","26,693.42","836,019.44","97,470.07","933,489.51",0,"19,119.12","19,119.12","140,772.99","51,063.26","260,839.33","37,515.91","366,306.50","856,497.99","126,943.93","277,073.94","1,260,515.87"
2018,3,"72,871.80","117,481.10","460,769.05","258,547.99","29,679.08","939,349.02","108,426.72","1,047,775.73",0,"23,306.91","23,306.91","164,585.41","55,594.79","293,444.25","47,038.94","412,395.95","973,059.34","174,517.77","341,079.36","1,488,656.48"
2018,4,"80,419.60","132,194.82","521,794.73","289,816.50","32,573.42","1,056,799.05","118,363.16","1,175,162.22",0,"23,695.88","23,695.88","189,922.80","62,785.04","326,049.17","52,750.94","456,177.42","1,087,685.37","193,060.77","366,067.30","1,646,813.43"
2018,5,"89,169.00","146,330.00","576,431.00","322,619.00","35,722.00","1,170,271.00","137,446.00","1,307,717.00",0,"25,660.33","25,660.33","214,077.00","66,456.00","358,654.00","54,667.00","509,229.00","1,203,083.00","239,787.59","392,982.33","1,835,852.92"
2018,6,"99,214.64","162,483.84","640,593.35","356,855.92","52,544.53","1,311,692.29","175,534.78","1,487,227.07",0,"27,600.14","27,600.14","239,469.90","84,420.24","383,950.92","65,098.55","546,646.23","1,319,585.84","306,200.00","485,673.05","2,111,458.89"
2018,7,"8,299.47","15,926.33","41,767.33","29,938.05","2,851.73","98,782.92","11,372.60","110,155.52",0,0,0,"17,311.96","10,462.31","37,013.08","3,300.00","21,385.15","89,472.50",0,"2,203.70","91,676.20"
2018,8,"18,175.29","29,284.38","89,560.42","61,801.53","6,313.06","205,134.67","21,971.66","227,106.33",0,"1,496.27","1,496.27","34,002.41","19,076.90","74,026.16","7,693.40","78,029.49","212,828.36","4,031.94","36,083.00","252,943.30"
2018,9,"25,760.00","42,794.94","159,111.93","92,640.15","9,030.36","329,337.39","36,657.46","365,994.85",0,"3,578.05","3,578.05","61,118.92","22,979.46","94,978.24","13,122.27","153,174.35","345,373.24","23,532.37","83,554.65","452,460.26"
2018,10,"36,065.65","57,723.99","207,365.43","126,600.98","12,180.14","439,936.20","49,866.56","489,802.76",0,"6,428.35","6,428.35","82,890.10","32,384.41","148,052.32","18,277.13","163,261.19","444,865.14","44,704.47","130,301.04","619,870.64"
2018,11,"44,789.97","75,580.15","255,084.63","165,202.67","15,108.29","555,765.71","63,241.22","619,006.93",0,"8,187.20","8,187.20","105,505.46","32,384.41","185,065.40","22,931.43","196,780.38","542,667.07","74,491.27","234,868.88","852,027.23"
2018,12,"51,700.53","91,722.60","325,542.98","193,850.87","17,938.83","680,755.82","113,896.88","794,652.70",0,"8,828.68","8,828.68","131,525.06","46,099.34","201,615.88","38,171.51","226,492.90","643,904.69","119,674.39","311,881.76","1,075,460.83"
2019,1,"61,152.30","110,267.21","380,397.70","232,443.62","21,111.56","805,372.39","119,434.61","924,806.99",0,"9,441.75","9,441.75","146,765.11","52,475.36","247,958.59","37,392.60","328,206.56","812,798.22","150,258.12","328,606.66","1,291,662.99"
2019,2,"69,878.85","125,589.56","413,265.04","266,930.24","24,235.65","899,899.33","132,923.13","1,032,822.47",0,"12,302.83","12,302.83","165,625.12","61,122.26","283,381.24","43,884.83","370,300.99","924,314.45","177,310.95","364,473.94","1,466,099.34"
2019,3,"78,822.39","142,176.47","470,096.90","300,146.28","27,270.74","1,018,512.77","138,675.47","1,157,188.24",0,"16,833.93","16,833.93","193,339.39","80,049.95","318,062.94","50,727.02","411,663.62","1,053,842.93","205,630.10","384,915.87","1,644,388.90"
2019,4,"86,713.27","158,215.31","545,054.29","334,976.24","30,356.90","1,155,316.00","178,542.83","1,333,858.84",0,"18,935.68","18,935.68","220,088.71","86,272.48","354,226.55","55,603.02","486,995.68","1,203,186.44","234,285.21","419,126.89","1,856,598.54"
2019,5,"97,254.24","178,437.09","605,288.27","374,348.21","33,927.62","1,289,255.43","204,446.66","1,493,702.09",0,"20,385.30","20,385.30","245,956.00","90,450.50","389,649.21","60,238.77","542,752.00","1,329,046.48","263,350.60","477,427.07","2,069,824.16"
2019,6,107701.8254,196588.3191,685389.3233,413186.1136,37347.14752,1440212.729,204460.5881,1644673.317,0,30348.21567,30348.21567,264832.3803,103717.57,427952.7012,84605.29411,618893.639,1500001.585,360331.8178,529195.339,2389528.741
2019,7,7548.54244,16332.53713,45844.81346,34260.92425,3117.877615,107104.6949,10029.78063,117134.4755,0,0,0,28746.19775,15116.62422,38340.02593,3146.927675,22892.73433,108242.5099,0,4732.147533,112974.6574
2019,8,16184.87055,31622.55188,95220.90572,68882.27043,6987.445073,218898.0437,18454.59126,237352.6349,0,2920.167922,2920.167922,50369.80396,25533.56327,76680.05186,6534.927675,78731.26402,237849.6108,0,17036.41813,254886.0289
2019,9,25729.00653,49724.62306,180720.6074,105779.2516,9498.320091,371451.8087,49707.05347,421158.8622,0,2802.211289,2802.211289,76250.00787,34162.85605,109719.4744,26258.57672,144792.35,391183.2651,57542.09115,95900.48225,544625.8385
2019,10,34223.82587,67636.30604,241041.9237,140451.3418,13889.91783,497243.3152,61975.92725,559219.2424,0,8471.88266,8471.88266,97810.97336,40481.85814,153360.1037,29058.56571,182551.8773,503263.3782,69431.1164,129883.9989,702578.4935
2019,11,42860.32338,85839.67432,285276.8975,178096.8523,18481.38152,610555.129,122659.0415,733214.1706,0,9619.962077,9619.962077,126431.7125,52404.39128,191700.1297,33128.05493,232030.9308,635695.2192,87705.71095,183616.8231,907017.7533
2019,12,51551.24179,103376.5257,367428.7985,211544.0351,22748.20855,756648.8097,173725.3184,930374.1281,0,10147.40178,10147.40178,147163.9239,61511.53786,225709.1186,50197.37974,343164.8752,827746.8353,122208.6905,268145.1917,1218100.718
2020,1,61780.12032,123635.8985,416731.4136,245673.5042,26717.98544,874538.922,186959.4839,1061498.406,0,13535.79422,13535.79422,171465.8846,76608.22743,268380.1815,53478.73526,371298.4156,941231.4444,160472.3271,335160.3168,1436864.088
2020,2,69754.35019,140036.1116,456389.8359,275438.7323,30446.91432,972065.9443,203769.6942,1175835.639,0,14050.31507,14050.31507,195971.5544,86770.91482,306720.2075,59773.6357,415694.5923,1064930.905,188941.3589,360573.3728,1614445.636
2020,3,76931.09663,159490.8323,519713.802,305657.4462,34452.10029,1096245.277,235945.5625,1332190.84,0,13576.69568,13576.69568,223268.616,94548.34935,331864.3311,74145.72218,457670.2784,1181497.297,214784.8183,471960.0487,1868242.164
2020,4,83099.56697,171019.3675,591244.3982,332238.9431,36953.79006,1214556.066,253832.266,1468388.332,0,13400.43504,13400.43504,255057,100598.7199,380117.0194,74502.08253,487019.8946,1297294.716,246871.3149,426550.3477,1970716.379
2020,5,89247.52209,182082.298,638961.5949,354433.2319,39534.86037,1304259.507,279172.8325,1583432.34,0,18155.61766,18155.61766,285611.0947,112453.3165,421740.2852,76250.58062,549377.5522,1445432.829,263090.408,470374.7649,2178898.002
2020,6,98022.23644,195269.8252,706936.3321,383713.1885,43565.98629,1427507.569,306123.5427,1733631.111,0,19819.74128,19819.74128,315361.9427,121840.0895,449926.9467,89605.47873,668487.321,1645221.779,325278.0575,594943.6658,2565443.502
2020,7,6683.232462,15053.82399,42988.55276,26185.46457,3515.218973,94426.29275,10828.11066,105254.4034,0,0,0,27700.76436,15028.66851,26361.1195,3967.472619,15657.36083,88715.38581,908.0041239,4583.721283,94207.11122
2020,8,14350.76039,30997.93639,80632.6628,53574.91752,7690.071624,187246.3487,24612.94217,211859.2909,0,1375.575148,1375.575148,56781.03113,30339.04173,75222.239,13578.93085,75706.24333,251627.486,28021.59476,54222.44987,333871.5307
2020,9,23167.28665,47353.82876,151247.837,83062.40895,11942.79862,316774.16,61903.48839,378677.6484,0,3915.299221,3915.299221,81168.50518,34133.51785,118569.5353,26189.09572,99429.97533,359490.6294,28838.87298,122057.2755,510386.7779
2020,10,32069.85956,64454.46191,198206.8304,114144.8216,16415.94712,425291.9206,80019.21323,505311.1338,0,4404.746682,4404.746682,115684.6646,38127.69255,165444.478,30374.89047,152909.7964,502541.5221,81896.04163,137306.8633,721744.427
2020,11,40658.45766,83485.40029,234072.8523,144756.7773,20541.6806,523515.1681,100668.3384,624183.5065,0,5799.92785,5799.92785,154618.9023,51705.88355,206805.5975,32159.61604,192503.2423,637793.2417,108035.7131,185611.922,931440.8768
